Quotes,Speaker
"Progress is built from small steps taken consistently, not giant leaps taken occasionally.",Aanya Patel
Your future is shaped by the courage you show in moments no one else sees., Jordan Hale
Discipline is choosing what you want most over what you want now., Mira Solis
Every setback carries a lesson that pushes you closer to your breakthrough., Daniel Crestwood
You don’t need perfect conditions to begin; you need a decision., Lila Rowan
Strength grows fastest when you push yourself gently but relentlessly., Kai Mercer
The person you become is the reward for the effort you invest., Evelyn Hart
Dreams expand when you do; fear shrinks when you move., Rowan Blake
Success is rarely loud at first — it whispers through your daily habits., Serena Vale
Your potential is waiting for you to stop underestimating it., Theo Maren
The hardest battles build the strongest clarity., Iris Calder
"You can’t control the storm, but you can control how you steer through it.", Jace Holloway
Growth begins the moment you stop avoiding discomfort., Amara Wynn
Your consistency is more powerful than your motivation., Nolan Reyes
Every day is a fresh vote for the person you want to become., Selene Ward
You don’t need permission to evolve — only commitment., Cyrus Lennox
"The gap between where you are and where you want to be is filled with choices, not chances.", Talia Monroe
Your effort today is the evidence your future self will thank you for., Adrian Frost
"When you move with intention, even slow progress becomes unstoppable.", Nova Sterling
You are capable of more than you’ve allowed yourself to believe., Elias Quinn
